[{"id": "bd2f9de3318a370fecafacfda820c12f", "pid": "7fb2d7196741c4ba3061e007a6d1a1ca", "name": "bing\u641c\u7d22", "icon": null, "pinyin": "bingsousuo", "path": "{\"last_node_id\":16,\"last_link_id\":16,\"nodes\":[{\"id\":10,\"type\":\"\u8f93\u5165/\u6587\u672c(TextInput)\",\"pos\":[-115,444],\"size\":[180,30],\"flags\":{},\"order\":1,\"mode\":0,\"outputs\":[{\"name\":\"text\",\"type\":\"text\",\"links\":[8],\"slot_index\":0}],\"properties\":{\"text\":\"\u56de\u8f66\u641c\u7d22\"}},{\"id\":8,\"type\":\"\u8f93\u5165/\u6587\u672c(TextInput)\",\"pos\":[-121,293],\"size\":[180,30],\"flags\":{},\"order\":2,\"mode\":0,\"outputs\":[{\"name\":\"text\",\"type\":\"text\",\"links\":[6],\"slot_index\":0}],\"properties\":{\"text\":\"textAlign:center\\n\"}},{\"id\":7,\"type\":\"\u8f93\u5165/\u6587\u672c(TextInput)\",\"pos\":[-100,208],\"size\":[180,30],\"flags\":{},\"order\":3,\"mode\":0,\"outputs\":[{\"name\":\"text\",\"type\":\"text\",\"links\":[5],\"slot_index\":0}],\"properties\":{\"text\":\"Bing\"}},{\"id\":5,\"type\":\"\u7ed8\u56fe/\u6587\u5b57(DisplayText)\",\"pos\":[224,228],\"size\":[150,150],\"flags\":{},\"order\":6,\"mode\":0,\"inputs\":[{\"name\":\"text\",\"type\":\"text\",\"link\":5},{\"name\":\"style\",\"type\":\"text\",\"link\":6}],\"outputs\":[{\"name\":\"out\",\"type\":\"grid_string\",\"links\":[3],\"slot_index\":0},{\"name\":\"onClick\",\"type\":\"cmd\",\"links\":[14],\"slot_index\":1}],\"properties\":{\"level\":\"h1\",\"color\":\"primary\",\"variant\":\"plain\",\"noWrap\":false}},{\"id\":15,\"type\":\"\u57fa\u7840/\u7ed3\u675f(CMDEnd)\",\"pos\":[926,246],\"size\":[80,30],\"flags\":{},\"order\":11,\"mode\":0,\"inputs\":[{\"name\":\"in\",\"type\":\"cmd\",\"link\":15}],\"properties\":{}},{\"id\":9,\"type\":\"\u8f93\u5165/\u6587\u672c(TextInput)\",\"pos\":[-122,531],\"size\":[180,30],\"flags\":{},\"order\":5,\"mode\":0,\"outputs\":[{\"name\":\"text\",\"type\":\"text\",\"links\":[7],\"slot_index\":0}],\"properties\":{\"text\":\"height:90%\\nmargin:auto\\npadding:auto 1rem\\nboxSizing:border-box\"}},{\"id\":12,\"type\":\"\u7f16\u7a0b/\u683c\u5f0f\u5316\u5b57\u7b26\u4e32(FormatText)\",\"pos\":[481,516],\"size\":[120,130],\"flags\":{},\"order\":10,\"mode\":0,\"inputs\":[{\"name\":\"in\",\"type\":\"cmd\",\"link\":9},{\"name\":\"text1\",\"type\":\"text\",\"link\":12},{\"name\":\"text2\",\"type\":\"text\",\"link\":null},{\"name\":\"array1\",\"type\":\"array\",\"link\":null},{\"name\":\"array2\",\"type\":\"array\",\"link\":null}],\"outputs\":[{\"name\":\"out\",\"type\":\"cmd\",\"links\":[10],\"slot_index\":0},{\"name\":\"out\",\"type\":\"text\",\"links\":[11],\"slot_index\":1}],\"properties\":{\"text\":\"https://www.bing.com/search?q={{text1}}\"}},{\"id\":11,\"type\":\"\u81ea\u52a8\u5316/\u6253\u5f00\u94fe\u63a5(openLink)\",\"pos\":[643,513],\"size\":[120,50],\"flags\":{},\"order\":12,\"mode\":0,\"inputs\":[{\"name\":\"in\",\"type\":\"cmd\",\"link\":10},{\"name\":\"link\",\"type\":\"text\",\"link\":11}],\"outputs\":[{\"name\":\"out\",\"type\":\"cmd\",\"links\":[16],\"slot_index\":0}],\"properties\":{}},{\"id\":16,\"type\":\"\u57fa\u7840/\u7ed3\u675f(CMDEnd)\",\"pos\":[846,521],\"size\":[80,30],\"flags\":{},\"order\":13,\"mode\":0,\"inputs\":[{\"name\":\"in\",\"type\":\"cmd\",\"link\":16}],\"properties\":{}},{\"id\":4,\"type\":\"\u7ed8\u56fe/\u5e03\u5c40(DisplayGrid)\",\"pos\":[531,6],\"size\":[210,118],\"flags\":{},\"order\":9,\"mode\":0,\"inputs\":[{\"name\":\"in\",\"type\":\"cmd\",\"link\":2},{\"name\":\"style\",\"type\":\"text\",\"link\":null},{\"name\":\"\u6587\u5b57_sZqzYAO\",\"type\":\"grid_string\",\"link\":3},{\"name\":\"\u8f93\u5165\u6846_BLERZuz\",\"type\":\"grid_input\",\"link\":4}],\"properties\":{\"layout\":\"{\\\"column\\\":7,\\\"cellHeight\\\":80,\\\"float\\\":true,\\\"margin\\\":0,\\\"acceptWidgets\\\":true,\\\"removable\\\":\\\"#grid-app-trash\\\",\\\"maxRow\\\":1,\\\"minRow\\\":1,\\\"children\\\":[{\\\"content\\\":\\\"<span class=\\\\\\\"grid-app-new\\\\\\\" data-type=\\\\\\\"grid_string\\\\\\\">\u6587\u5b57_sZqzYAO</span>\\\",\\\"x\\\":0,\\\"y\\\":0,\\\"w\\\":2},{\\\"w\\\":5,\\\"content\\\":\\\"<span class=\\\\\\\"grid-app-new\\\\\\\" data-type=\\\\\\\"grid_input\\\\\\\">\u8f93\u5165\u6846_BLERZuz</span>\\\",\\\"x\\\":2,\\\"y\\\":0}]}\"}},{\"id\":6,\"type\":\"\u7ed8\u56fe/\u8f93\u5165\u6846(DisplayInput)\",\"pos\":[233,542],\"size\":[160,150],\"flags\":{},\"order\":7,\"mode\":0,\"inputs\":[{\"name\":\"placeholder\",\"type\":\"text\",\"link\":8},{\"name\":\"style\",\"type\":\"text\",\"link\":7},{\"name\":\"value\",\"type\":\"text\",\"link\":null}],\"outputs\":[{\"name\":\"out\",\"type\":\"grid_input\",\"links\":[4],\"slot_index\":0},{\"name\":\"value\",\"type\":\"text\",\"links\":[12],\"slot_index\":1},{\"name\":\"Enter\",\"type\":\"cmd\",\"links\":[9],\"slot_index\":2}],\"properties\":{\"variant\":\"soft\",\"color\":\"primary\",\"size\":\"md\"}},{\"id\":3,\"type\":\"\u7ed8\u56fe/\u5f00\u59cb(DisplayStart)\",\"pos\":[317,-12],\"size\":[90,30],\"flags\":{},\"order\":0,\"mode\":0,\"outputs\":[{\"name\":\"out\",\"type\":\"cmd\",\"links\":[2],\"slot_index\":0}],\"properties\":{}},{\"id\":14,\"type\":\"\u8f93\u5165/\u6587\u672c(TextInput)\",\"pos\":[480,354],\"size\":[180,30],\"flags\":{},\"order\":4,\"mode\":0,\"outputs\":[{\"name\":\"text\",\"type\":\"text\",\"links\":[13],\"slot_index\":0}],\"properties\":{\"text\":\"https://www.bing.com/\"}},{\"id\":13,\"type\":\"\u81ea\u52a8\u5316/\u6253\u5f00\u94fe\u63a5(openLink)\",\"pos\":[699,247],\"size\":[120,50],\"flags\":{},\"order\":8,\"mode\":0,\"inputs\":[{\"name\":\"in\",\"type\":\"cmd\",\"link\":14},{\"name\":\"link\",\"type\":\"text\",\"link\":13}],\"outputs\":[{\"name\":\"out\",\"type\":\"cmd\",\"links\":[15],\"slot_index\":0}],\"properties\":{}}],\"links\":[[2,3,0,4,0,\"cmd\"],[3,5,0,4,2,\"grid_string\"],[4,6,0,4,3,\"grid_input\"],[5,7,0,5,0,\"text\"],[6,8,0,5,1,\"text\"],[7,9,0,6,1,\"text\"],[8,10,0,6,0,\"text\"],[9,6,2,12,0,\"cmd\"],[10,12,0,11,0,\"cmd\"],[11,12,1,11,1,\"text\"],[12,6,1,12,1,\"text\"],[13,14,0,13,1,\"text\"],[14,5,1,13,0,\"cmd\"],[15,13,0,15,0,\"cmd\"],[16,11,0,16,0,\"cmd\"]],\"groups\":[{\"title\":\"\u70b9\u51fb\u6587\u672c\u6267\u884c\u8be5\u811a\u672c\",\"bounding\":[196,159,879,267],\"color\":\"#3f789e\",\"font_size\":24},{\"title\":\"\u8f93\u5165\u6846\u5185 \u4f7f\u7528\u56de\u8f66\u7684\u65f6\u5019\u6267\u884c\u8be5\u811a\u672c\",\"bounding\":[199,441,873,379],\"color\":\"#3f789e\",\"font_size\":24}],\"config\":{},\"extra\":{},\"version\":0.4}", "type": "component", "open": 0, "created": "2024-07-25 01:35:26", "children": null}]