[{"id": "374ca4de369f402941cbe4c7eab13117", "pid": null, "name": "\u641c\u7d22\u4e00\u4e0b", "icon": null, "pinyin": "sousuoyixia", "path": "{\"last_node_id\":48,\"last_link_id\":81,\"nodes\":[{\"id\":27,\"type\":\"\u8f93\u5165/\u6587\u672c(TextInput)\",\"pos\":[-35.63636363636356,983.3636363636363],\"size\":[180,30],\"flags\":{},\"order\":0,\"mode\":0,\"outputs\":[{\"name\":\"text\",\"type\":\"text\",\"links\":[36],\"slot_index\":0}],\"properties\":{\"text\":\"baidu\"}},{\"id\":28,\"type\":\"\u8f93\u5165/\u6587\u672c(TextInput)\",\"pos\":[-34.63636363636356,1058.363636363636],\"size\":[180,30],\"flags\":{},\"order\":1,\"mode\":0,\"outputs\":[{\"name\":\"text\",\"type\":\"text\",\"links\":[37],\"slot_index\":0}],\"properties\":{\"text\":\"google\"}},{\"id\":26,\"type\":\"\u8f93\u5165/\u6587\u672c(TextInput)\",\"pos\":[-39,910],\"size\":[180,30],\"flags\":{},\"order\":2,\"mode\":0,\"outputs\":[{\"name\":\"text\",\"type\":\"text\",\"links\":[35],\"slot_index\":0}],\"properties\":{\"text\":\"bing\"}},{\"id\":36,\"type\":\"\u7f16\u7a0b/\u5224\u65ad(IfValid)\",\"pos\":[-340.164,189.27499999999992],\"size\":[120,90],\"flags\":{},\"order\":14,\"mode\":0,\"inputs\":[{\"name\":\"in\",\"type\":\"cmd\",\"link\":48},{\"name\":\"input1\",\"type\":\"text\",\"link\":49},{\"name\":\"input2\",\"type\":\"text\",\"link\":50}],\"outputs\":[{\"name\":\"true\",\"type\":\"cmd\",\"links\":[51],\"slot_index\":0},{\"name\":\"false\",\"type\":\"cmd\",\"links\":[58],\"slot_index\":1}],\"properties\":{}},{\"id\":38,\"type\":\"\u8f93\u5165/\u6587\u672c(TextInput)\",\"pos\":[-411.1640000000001,84.27500000000002],\"size\":[180,30],\"flags\":{},\"order\":3,\"mode\":0,\"outputs\":[{\"name\":\"text\",\"type\":\"text\",\"links\":[55],\"slot_index\":0}],\"properties\":{\"text\":\"bing\"}},{\"id\":3,\"type\":\"\u7ed8\u56fe/\u5f00\u59cb(DisplayStart)\",\"pos\":[-749,186],\"size\":[90,30],\"flags\":{},\"order\":4,\"mode\":0,\"outputs\":[{\"name\":\"out\",\"type\":\"cmd\",\"links\":[47],\"slot_index\":0}],\"properties\":{}},{\"id\":34,\"type\":\"\u7f16\u7a0b/\u83b7\u53d6\u5c40\u90e8\u53d8\u91cf(GetLocalVariables)\",\"pos\":[-553,193],\"size\":[120,130],\"flags\":{},\"order\":12,\"mode\":0,\"inputs\":[{\"name\":\"in\",\"type\":\"cmd\",\"link\":47}],\"outputs\":[{\"name\":\"out\",\"type\":\"cmd\",\"links\":[48],\"slot_index\":0},{\"name\":\"text\",\"type\":\"text\",\"links\":[49],\"slot_index\":1},{\"name\":\"array\",\"type\":\"array\",\"links\":null},{\"name\":\"location\",\"type\":\"location\",\"links\":null},{\"name\":\"response\",\"type\":\"response\",\"links\":null}],\"properties\":{\"name\":\"default\",\"type\":\"text\"}},{\"id\":35,\"type\":\"\u8f93\u5165/\u6587\u672c(TextInput)\",\"pos\":[-622,371],\"size\":[180,30],\"flags\":{},\"order\":5,\"mode\":0,\"outputs\":[{\"name\":\"text\",\"type\":\"text\",\"links\":[50],\"slot_index\":0}],\"properties\":{\"text\":\"\"}},{\"id\":37,\"type\":\"\u7f16\u7a0b/\u83b7\u53d6\u5c40\u90e8\u53d8\u91cf(GetLocalVariables)\",\"pos\":[180,196],\"size\":[120,130],\"flags\":{},\"order\":17,\"mode\":0,\"inputs\":[{\"name\":\"in\",\"type\":\"cmd\",\"link\":59}],\"outputs\":[{\"name\":\"out\",\"type\":\"cmd\",\"links\":[77],\"slot_index\":0},{\"name\":\"text\",\"type\":\"text\",\"links\":[60],\"slot_index\":1},{\"name\":\"array\",\"type\":\"array\",\"links\":null},{\"name\":\"location\",\"type\":\"location\",\"links\":null},{\"name\":\"response\",\"type\":\"response\",\"links\":null}],\"properties\":{\"name\":\"default\",\"type\":\"text\"}},{\"id\":33,\"type\":\"\u7f16\u7a0b/\u914d\u7f6e\u5c40\u90e8\u53d8\u91cf(SetLocalVariables)\",\"pos\":[-146,97],\"size\":[120,130],\"flags\":{},\"order\":15,\"mode\":0,\"inputs\":[{\"name\":\"in\",\"type\":\"cmd\",\"link\":51},{\"name\":\"text\",\"type\":\"text\",\"link\":55},{\"name\":\"array\",\"type\":\"array\",\"link\":null},{\"name\":\"location\",\"type\":\"location\",\"link\":null},{\"name\":\"response\",\"type\":\"response\",\"link\":null}],\"outputs\":[{\"name\":\"out\",\"type\":\"cmd\",\"links\":[57],\"slot_index\":0}],\"properties\":{\"name\":\"default\",\"type\":\"text\"}},{\"id\":39,\"type\":\"\u57fa\u7840/\u5408\u5e76\u8fd0\u884c(MultiMerge)\",\"pos\":[16,263],\"size\":[100,70],\"flags\":{},\"order\":16,\"mode\":0,\"inputs\":[{\"name\":\"in\",\"type\":\"cmd\",\"link\":57},{\"name\":\"in\",\"type\":\"cmd\",\"link\":58,\"slot_index\":1},{\"name\":\"in\",\"type\":\"cmd\",\"link\":null}],\"outputs\":[{\"name\":\"out\",\"type\":\"cmd\",\"links\":[59],\"slot_index\":0}],\"properties\":{}},{\"id\":24,\"type\":\"\u8f93\u5165/\u6587\u672c(TextInput)\",\"pos\":[-192,373],\"size\":[180,30],\"flags\":{},\"order\":6,\"mode\":0,\"outputs\":[{\"name\":\"text\",\"type\":\"text\",\"links\":[64],\"slot_index\":0}],\"properties\":{\"text\":\"\u56de\u8f66\u641c\u7d22\"}},{\"id\":21,\"type\":\"\u8f93\u5165/\u6587\u672c(TextInput)\",\"pos\":[-373,639],\"size\":[180,30],\"flags\":{},\"order\":7,\"mode\":0,\"outputs\":[{\"name\":\"text\",\"type\":\"text\",\"links\":[28],\"slot_index\":0}],\"properties\":{\"text\":\"textAlign:center\\nheight:60%\\nwidth:95%\\nmargin:auto 0 auto 5%\\npadding:auto 1rem\\nboxSizing:border-box\"}},{\"id\":9,\"type\":\"\u8f93\u5165/\u6587\u672c(TextInput)\",\"pos\":[-201,466],\"size\":[180,30],\"flags\":{},\"order\":8,\"mode\":0,\"outputs\":[{\"name\":\"text\",\"type\":\"text\",\"links\":[7],\"slot_index\":0}],\"properties\":{\"text\":\"textAlign:center\\nheight:60%\\nwidth:96%\\nmarginLeft:auto\\nmarginRight:0.3rem\\nmarginTop:auto\\nmarginBottom:auto\\npadding:auto 1rem\\nboxSizing:border-box\"}},{\"id\":23,\"type\":\"\u8f93\u5165/\u5217\u8868(ArrayInput)\",\"pos\":[-380,718],\"size\":[180,30],\"flags\":{},\"order\":9,\"mode\":0,\"outputs\":[{\"name\":\"array\",\"type\":\"array\",\"links\":[29],\"slot_index\":0}],\"properties\":{\"value\":\"{\\n\\\"baidu\\\":\\\"\u767e\u5ea6\\\",\\n\\\"google\\\":\\\"\u8c37\u6b4c\\\",\\n\\\"bing\\\":\\\"\u5fc5\u5e94\\\"\\n}\"},\"boxcolor\":\"#AEA\"},{\"id\":22,\"type\":\"\u7ed8\u56fe/\u9009\u62e9\u6846(DisplaySelector)\",\"pos\":[26,687],\"size\":[160,160],\"flags\":{},\"order\":19,\"mode\":0,\"inputs\":[{\"name\":\"placeholder\",\"type\":\"text\",\"link\":null},{\"name\":\"style\",\"type\":\"text\",\"link\":28},{\"name\":\"data\",\"type\":\"array\",\"link\":29},{\"name\":\"default\",\"type\":\"text\",\"link\":60}],\"outputs\":[{\"name\":\"out\",\"type\":\"grid_selector\",\"links\":[32],\"slot_index\":0},{\"name\":\"onChange\",\"type\":\"cmd\",\"links\":null,\"slot_index\":1},{\"name\":\"value\",\"type\":\"text\",\"links\":[34,63],\"slot_index\":2}],\"properties\":{\"variant\":\"outlined\",\"color\":\"primary\",\"size\":\"md\"}},{\"id\":7,\"type\":\"\u7ed8\u56fe/\u8f93\u5165\u6846(DisplayInput)\",\"pos\":[92,394],\"size\":[160,150],\"flags\":{},\"order\":13,\"mode\":0,\"inputs\":[{\"name\":\"placeholder\",\"type\":\"text\",\"link\":64},{\"name\":\"style\",\"type\":\"text\",\"link\":7},{\"name\":\"value\",\"type\":\"text\",\"link\":null}],\"outputs\":[{\"name\":\"out\",\"type\":\"grid_input\",\"links\":[4],\"slot_index\":0},{\"name\":\"value\",\"type\":\"text\",\"links\":[66],\"slot_index\":1},{\"name\":\"Enter\",\"type\":\"cmd\",\"links\":[61],\"slot_index\":2}],\"properties\":{\"variant\":\"soft\",\"color\":\"primary\",\"size\":\"md\"}},{\"id\":42,\"type\":\"\u7f16\u7a0b/\u914d\u7f6e\u5c40\u90e8\u53d8\u91cf(SetLocalVariables)\",\"pos\":[565,478],\"size\":[140,126],\"flags\":{},\"order\":22,\"mode\":0,\"inputs\":[{\"name\":\"in\",\"type\":\"cmd\",\"link\":70},{\"name\":\"text\",\"type\":\"text\",\"link\":66}],\"outputs\":[{\"name\":\"out\",\"type\":\"cmd\",\"links\":[71],\"slot_index\":0}],\"properties\":{\"name\":\"input\",\"type\":\"text\"}},{\"id\":40,\"type\":\"\u7f16\u7a0b/\u914d\u7f6e\u5c40\u90e8\u53d8\u91cf(SetLocalVariables)\",\"pos\":[327,548],\"size\":[140,126],\"flags\":{},\"order\":21,\"mode\":0,\"inputs\":[{\"name\":\"in\",\"type\":\"cmd\",\"link\":61},{\"name\":\"text\",\"type\":\"text\",\"link\":63}],\"outputs\":[{\"name\":\"out\",\"type\":\"cmd\",\"links\":[70],\"slot_index\":0}],\"properties\":{\"name\":\"default\",\"type\":\"text\"}},{\"id\":30,\"type\":\"\u7f16\u7a0b/\u683c\u5f0f\u5316\u5b57\u7b26\u4e32(FormatText)\",\"pos\":[1139.1470099999985,848.5150999999998],\"size\":[120,130],\"flags\":{},\"order\":26,\"mode\":0,\"inputs\":[{\"name\":\"in\",\"type\":\"cmd\",\"link\":39},{\"name\":\"text1\",\"type\":\"text\",\"link\":74},{\"name\":\"text2\",\"type\":\"text\",\"link\":null},{\"name\":\"array1\",\"type\":\"array\",\"link\":null},{\"name\":\"array2\",\"type\":\"array\",\"link\":null}],\"outputs\":[{\"name\":\"out\",\"type\":\"cmd\",\"links\":[43],\"slot_index\":0},{\"name\":\"out\",\"type\":\"text\",\"links\":[44],\"slot_index\":1}],\"properties\":{\"text\":\"https://www.baidu.com/s?wd={{text1}}\"}},{\"id\":5,\"type\":\"\u7ed8\u56fe/\u5e03\u5c40(DisplayGrid)\",\"pos\":[1799,394],\"size\":[210,118],\"flags\":{},\"order\":20,\"mode\":0,\"inputs\":[{\"name\":\"in\",\"type\":\"cmd\",\"link\":78},{\"name\":\"style\",\"type\":\"text\",\"link\":65},{\"name\":\"\u8f93\u5165\u6846_TpsS2qT\",\"type\":\"grid_input\",\"link\":4},{\"name\":\"\u9009\u62e9\u6846_brBTcLo\",\"type\":\"grid_selector\",\"link\":32}],\"properties\":{\"refresh\":0,\"layout\":\"{\\\"column\\\":8,\\\"cellHeight\\\":80,\\\"float\\\":true,\\\"margin\\\":0,\\\"acceptWidgets\\\":true,\\\"removable\\\":\\\"#grid-app-trash\\\",\\\"maxRow\\\":1,\\\"minRow\\\":1,\\\"children\\\":[{\\\"w\\\":2,\\\"content\\\":\\\"<span class=\\\\\\\"grid-app-new\\\\\\\" data-type=\\\\\\\"grid_selector\\\\\\\">\u9009\u62e9\u6846_brBTcLo</span>\\\",\\\"x\\\":0,\\\"y\\\":0},{\\\"w\\\":6,\\\"content\\\":\\\"<span class=\\\\\\\"grid-app-new\\\\\\\" data-type=\\\\\\\"grid_input\\\\\\\">\u8f93\u5165\u6846_TpsS2qT</span>\\\",\\\"x\\\":2,\\\"y\\\":0}]}\"}},{\"id\":41,\"type\":\"\u8f93\u5165/\u6587\u672c(TextInput)\",\"pos\":[1325,366],\"size\":[180,30],\"flags\":{},\"order\":10,\"mode\":0,\"outputs\":[{\"name\":\"text\",\"type\":\"text\",\"links\":[65],\"slot_index\":0}],\"properties\":{\"text\":\"borderRadius:0.2rem\\nbackgroundColor:#ffffff8a\\nboxSizing:border-box\"}},{\"id\":25,\"type\":\"\u7f16\u7a0b/\u9009\u62e9\u7ed3\u6784(switchValid)\",\"pos\":[812,906],\"size\":[120,230],\"flags\":{},\"order\":24,\"mode\":0,\"inputs\":[{\"name\":\"in\",\"type\":\"cmd\",\"link\":72},{\"name\":\"input\",\"type\":\"text\",\"link\":34},{\"name\":\"valid_1\",\"type\":\"text\",\"link\":35},{\"name\":\"valid_2\",\"type\":\"text\",\"link\":36},{\"name\":\"valid_3\",\"type\":\"text\",\"link\":37},{\"name\":\"valid_4\",\"type\":\"text\",\"link\":null},{\"name\":\"valid_5\",\"type\":\"text\",\"link\":null},{\"name\":\"valid_6\",\"type\":\"text\",\"link\":null},{\"name\":\"valid_7\",\"type\":\"text\",\"link\":null},{\"name\":\"valid_8\",\"type\":\"text\",\"link\":null},{\"name\":\"valid_9\",\"type\":\"text\",\"link\":null}],\"outputs\":[{\"name\":\"error\",\"type\":\"cmd\",\"links\":null,\"slot_index\":0},{\"name\":\"input\",\"type\":\"text\",\"links\":null},{\"name\":\"1\",\"type\":\"cmd\",\"links\":[38],\"slot_index\":2},{\"name\":\"2\",\"type\":\"cmd\",\"links\":[39],\"slot_index\":3},{\"name\":\"3\",\"type\":\"cmd\",\"links\":[40],\"slot_index\":4},{\"name\":\"4\",\"type\":\"cmd\",\"links\":null},{\"name\":\"5\",\"type\":\"cmd\",\"links\":null},{\"name\":\"6\",\"type\":\"cmd\",\"links\":null},{\"name\":\"7\",\"type\":\"cmd\",\"links\":null},{\"name\":\"8\",\"type\":\"cmd\",\"links\":null},{\"name\":\"9\",\"type\":\"cmd\",\"links\":null}],\"properties\":{}},{\"id\":13,\"type\":\"\u7f16\u7a0b/\u683c\u5f0f\u5316\u5b57\u7b26\u4e32(FormatText)\",\"pos\":[1133,673],\"size\":[120,130],\"flags\":{},\"order\":25,\"mode\":0,\"inputs\":[{\"name\":\"in\",\"type\":\"cmd\",\"link\":38},{\"name\":\"text1\",\"type\":\"text\",\"link\":73},{\"name\":\"text2\",\"type\":\"text\",\"link\":null},{\"name\":\"array1\",\"type\":\"array\",\"link\":null},{\"name\":\"array2\",\"type\":\"array\",\"link\":null}],\"outputs\":[{\"name\":\"out\",\"type\":\"cmd\",\"links\":[12],\"slot_index\":0},{\"name\":\"out\",\"type\":\"text\",\"links\":[13],\"slot_index\":1}],\"properties\":{\"text\":\"https://www.bing.com/search?q={{text1}}\"}},{\"id\":43,\"type\":\"\u7f16\u7a0b/\u83b7\u53d6\u5c40\u90e8\u53d8\u91cf(GetLocalVariables)\",\"pos\":[787,640],\"size\":[140,126],\"flags\":{},\"order\":23,\"mode\":0,\"inputs\":[{\"name\":\"in\",\"type\":\"cmd\",\"link\":71}],\"outputs\":[{\"name\":\"out\",\"type\":\"cmd\",\"links\":[72],\"slot_index\":0},{\"name\":\"text\",\"type\":\"text\",\"links\":[73,74,75],\"slot_index\":1}],\"properties\":{\"name\":\"input\",\"type\":\"text\"}},{\"id\":29,\"type\":\"\u7f16\u7a0b/\u683c\u5f0f\u5316\u5b57\u7b26\u4e32(FormatText)\",\"pos\":[1139.1870099999983,1039.1050999999998],\"size\":[120,130],\"flags\":{},\"order\":27,\"mode\":0,\"inputs\":[{\"name\":\"in\",\"type\":\"cmd\",\"link\":40},{\"name\":\"text1\",\"type\":\"text\",\"link\":75},{\"name\":\"text2\",\"type\":\"text\",\"link\":null},{\"name\":\"array1\",\"type\":\"array\",\"link\":null},{\"name\":\"array2\",\"type\":\"array\",\"link\":null}],\"outputs\":[{\"name\":\"out\",\"type\":\"cmd\",\"links\":[45],\"slot_index\":0},{\"name\":\"out\",\"type\":\"text\",\"links\":[46],\"slot_index\":1}],\"properties\":{\"text\":\"https://www.google.com/search?q={{text1}}\"}},{\"id\":45,\"type\":\"\u57fa\u7840/\u8df3\u8f6c\u8fd0\u884c(JumpNode)\",\"pos\":[1497,157],\"size\":[130,50],\"flags\":{},\"order\":11,\"mode\":0,\"inputs\":[{\"name\":\"in\",\"type\":\"cmd\",\"link\":null}],\"outputs\":[{\"name\":\"out\",\"type\":\"cmd\",\"links\":[78],\"slot_index\":0}],\"properties\":{\"name\":\"ng03t\"}},{\"id\":44,\"type\":\"\u57fa\u7840/\u8df3\u8f6c\u8fd0\u884c(JumpNode)\",\"pos\":[531,184],\"size\":[130,50],\"flags\":{},\"order\":18,\"mode\":0,\"inputs\":[{\"name\":\"in\",\"type\":\"cmd\",\"link\":77}],\"outputs\":[{\"name\":\"out\",\"type\":\"cmd\",\"links\":null}],\"properties\":{\"name\":\"ng03t\"}},{\"id\":12,\"type\":\"\u81ea\u52a8\u5316/\u6253\u5f00\u94fe\u63a5(openLink)\",\"pos\":[1333.1870099999978,668.1050999999998],\"size\":[120,50],\"flags\":{},\"order\":28,\"mode\":0,\"inputs\":[{\"name\":\"in\",\"type\":\"cmd\",\"link\":12},{\"name\":\"link\",\"type\":\"text\",\"link\":13}],\"outputs\":[{\"name\":\"out\",\"type\":\"cmd\",\"links\":[79],\"slot_index\":0}],\"properties\":{}},{\"id\":46,\"type\":\"\u57fa\u7840/\u8df3\u8f6c\u8fd0\u884c(JumpNode)\",\"pos\":[1576,664],\"size\":[130,50],\"flags\":{},\"order\":31,\"mode\":0,\"inputs\":[{\"name\":\"in\",\"type\":\"cmd\",\"link\":79}],\"outputs\":[{\"name\":\"out\",\"type\":\"cmd\",\"links\":null}],\"properties\":{\"name\":\"ng03t\"}},{\"id\":31,\"type\":\"\u81ea\u52a8\u5316/\u6253\u5f00\u94fe\u63a5(openLink)\",\"pos\":[1348,849],\"size\":[120,50],\"flags\":{},\"order\":29,\"mode\":0,\"inputs\":[{\"name\":\"in\",\"type\":\"cmd\",\"link\":43},{\"name\":\"link\",\"type\":\"text\",\"link\":44}],\"outputs\":[{\"name\":\"out\",\"type\":\"cmd\",\"links\":[80],\"slot_index\":0}],\"properties\":{}},{\"id\":47,\"type\":\"\u57fa\u7840/\u8df3\u8f6c\u8fd0\u884c(JumpNode)\",\"pos\":[1557,841],\"size\":[130,50],\"flags\":{},\"order\":32,\"mode\":0,\"inputs\":[{\"name\":\"in\",\"type\":\"cmd\",\"link\":80}],\"outputs\":[{\"name\":\"out\",\"type\":\"cmd\",\"links\":null}],\"properties\":{\"name\":\"ng03t\"}},{\"id\":48,\"type\":\"\u57fa\u7840/\u8df3\u8f6c\u8fd0\u884c(JumpNode)\",\"pos\":[1553,1038],\"size\":[130,50],\"flags\":{},\"order\":33,\"mode\":0,\"inputs\":[{\"name\":\"in\",\"type\":\"cmd\",\"link\":81}],\"outputs\":[{\"name\":\"out\",\"type\":\"cmd\",\"links\":null}],\"properties\":{\"name\":\"ng03t\"}},{\"id\":32,\"type\":\"\u81ea\u52a8\u5316/\u6253\u5f00\u94fe\u63a5(openLink)\",\"pos\":[1332.1870099999978,1042.1050999999998],\"size\":[120,50],\"flags\":{},\"order\":30,\"mode\":0,\"inputs\":[{\"name\":\"in\",\"type\":\"cmd\",\"link\":45},{\"name\":\"link\",\"type\":\"text\",\"link\":46}],\"outputs\":[{\"name\":\"out\",\"type\":\"cmd\",\"links\":[81],\"slot_index\":0}],\"properties\":{}}],\"links\":[[4,7,0,5,2,\"grid_input\"],[7,9,0,7,1,\"text\"],[12,13,0,12,0,\"cmd\"],[13,13,1,12,1,\"text\"],[28,21,0,22,1,\"text\"],[29,23,0,22,2,\"array\"],[32,22,0,5,3,\"grid_selector\"],[34,22,2,25,1,\"text\"],[35,26,0,25,2,\"text\"],[36,27,0,25,3,\"text\"],[37,28,0,25,4,\"text\"],[38,25,2,13,0,\"cmd\"],[39,25,3,30,0,\"cmd\"],[40,25,4,29,0,\"cmd\"],[43,30,0,31,0,\"cmd\"],[44,30,1,31,1,\"text\"],[45,29,0,32,0,\"cmd\"],[46,29,1,32,1,\"text\"],[47,3,0,34,0,\"cmd\"],[48,34,0,36,0,\"cmd\"],[49,34,1,36,1,\"text\"],[50,35,0,36,2,\"text\"],[51,36,0,33,0,\"cmd\"],[55,38,0,33,1,\"text\"],[57,33,0,39,0,\"cmd\"],[58,36,1,39,1,\"cmd\"],[59,39,0,37,0,\"cmd\"],[60,37,1,22,3,\"text\"],[61,7,2,40,0,\"cmd\"],[63,22,2,40,1,\"text\"],[64,24,0,7,0,\"text\"],[65,41,0,5,1,\"text\"],[66,7,1,42,1,\"text\"],[70,40,0,42,0,\"cmd\"],[71,42,0,43,0,\"cmd\"],[72,43,0,25,0,\"cmd\"],[73,43,1,13,1,\"text\"],[74,43,1,30,1,\"text\"],[75,43,1,29,1,\"text\"],[77,37,0,44,0,\"cmd\"],[78,45,0,5,0,\"cmd\"],[79,12,0,46,0,\"cmd\"],[80,31,0,47,0,\"cmd\"],[81,32,0,48,0,\"cmd\"]],\"groups\":[],\"config\":{},\"extra\":{},\"version\":0.4}", "type": "component", "open": 0, "created": "2024-11-28 09:20:12", "children": null}]